Order ID,,CustomerName,State,City
B-26055,"Wednesday, October 3, 2018",Harivansh,Uttar Pradesh,Mathura
B-25993,"Friday, March 2, 2018",Madhav,Delhi,Delhi
B-25973,"Wednesday, January 24, 2018",Madan Mohan,Uttar Pradesh,Mathura
B-25923,"Thursday, December 27, 2018",Gopal,Maharashtra,Mumbai
B-25757,"Tuesday, August 21, 2018",Vishakha,Madhya Pradesh,Indore
B-25967,"Sunday, January 21, 2018",Sudevi,Uttar Pradesh,Prayagraj
B-25955,"Tuesday, January 16, 2018",Shiva,Maharashtra,Pune
B-26093,"Tuesday, March 27, 2018",Sarita,Maharashtra,Pune
B-25798,"Tuesday, November 13, 2018",Shishu,Andhra Pradesh,Hyderabad
B-25602,"Sunday, January 21, 2018",Vrinda,Maharashtra,Pune
B-25858,"Friday, March 30, 2018",Uudhav,Maharashtra,Mumbai
B-25969,"Sunday, November 25, 2018",Shreyshi,Gujarat,Surat
B-26099,"Saturday, August 25, 2018",Bhishm,Maharashtra,Mumbai
B-25997,"Thursday, October 18, 2018",Yogesh,Maharashtra,Pune
B-25881,"Thursday, November 15, 2018",Lalita,Uttar Pradesh,Mathura
B-25761,"Friday, October 26, 2018",Madhav,Uttar Pradesh,Mathura
B-25887,"Wednesday, September 19, 2018",Vishakha,Uttar Pradesh,Prayagraj
B-25823,"Sunday, February 18, 2018",Rohan,Maharashtra,Mumbai
B-25853,"Sunday, August 19, 2018",Gaurav,Gujarat,Ahmedabad
B-25862,"Sunday, September 30, 2018",Amol,Bihar,Patna
B-25830,"Friday, April 27, 2018",Aastha,Himachal Pradesh,Simla
B-25786,"Thursday, December 13, 2018",Madan Mohan,Uttar Pradesh,Mathura
B-25686,"Friday, December 14, 2018",Pooja,Himachal Pradesh,Simla
B-26022,"Saturday, January 13, 2018",Shrichand,Punjab,Chandigarh
B-26003,"Sunday, December 23, 2018",Hitesh,Madhya Pradesh,Bhopal
B-25755,"Tuesday, April 24, 2018",Shourya,Kerala ,Thiruvananthapuram
B-25902,"Sunday, July 22, 2018",Ishpreet,Maharashtra,Mumbai
B-25935,"Wednesday, March 21, 2018",Sudhir,Nagaland,Kohima
B-25797,"Monday, March 26, 2018",Sauptik,Madhya Pradesh,Indore
B-25639,"Monday, September 24, 2018",Lisha,Madhya Pradesh,Bhopal
B-25681,"Tuesday, August 14, 2018",Bhawna,Madhya Pradesh,Indore
B-25909,"Sunday, August 26, 2018",Sujay,Maharashtra,Pune
B-25910,"Friday, June 22, 2018",Jay,Delhi,Delhi
B-25950,"Monday, October 29, 2018",Shruti,Madhya Pradesh,Indore
B-25613,"Friday, November 23, 2018",Mohan,Haryana,Chandigarh
B-25919,"Tuesday, February 20, 2018",Neha,Rajasthan,Udaipur
B-25768,"Saturday, January 20, 2018",Shreyoshe,Karnataka,Bangalore
B-25629,"Tuesday, October 30, 2018",Hemant,Kerala ,Thiruvananthapuram
B-25729,"Saturday, December 29, 2018",Madhulika,Madhya Pradesh,Bhopal
B-25943,"Sunday, January 14, 2018",Shardul,Gujarat,Ahmedabad
B-25842,"Thursday, January 18, 2018",Sheetal,Maharashtra,Pune
B-26073,"Sunday, July 22, 2018",Pournamasi,Madhya Pradesh,Indore
B-25778,"Saturday, November 24, 2018",Surabhi,Maharashtra,Mumbai
B-25717,"Friday, March 16, 2018",Manshul,Uttar Pradesh,Lucknow
B-26085,"Sunday, November 18, 2018",Shrichand,Punjab,Chandigarh
B-26048,"Monday, February 19, 2018",Parth,Maharashtra,Pune
B-25793,"Monday, April 23, 2018",Siddharth,Madhya Pradesh,Indore
B-25656,"Saturday, January 27, 2018",Priyanka,Maharashtra,Pune
B-25608,"Sunday, April 29, 2018",Aarushi,Tamil Nadu,Chennai
B-25752,"Sunday, July 22, 2018",Vaibhav,Madhya Pradesh,Indore
B-25779,"Monday, August 13, 2018",Savi,Maharashtra,Pune
B-25603,"Wednesday, May 23, 2018",Jahan,Madhya Pradesh,Bhopal
B-26051,"Sunday, May 13, 2018",Parishi,West Bengal,Kolkata
B-25653,"Friday, August 17, 2018",Farah,Nagaland,Kohima
B-25855,"Wednesday, March 14, 2018",Abhijeet,Madhya Pradesh,Bhopal
B-25762,"Monday, October 29, 2018",Anudeep,Madhya Pradesh,Indore
B-25995,"Wednesday, June 27, 2018",Yohann,Delhi,Delhi
B-25929,"Saturday, January 13, 2018",Girase,Kerala ,Thiruvananthapuram
B-26006,"Tuesday, May 22, 2018",Arpita,Karnataka,Bangalore
B-25697,"Thursday, May 31, 2018",Vijay,Jammu and Kashmir,Kashmir
B-25836,"Wednesday, January 31, 2018",Arti,Maharashtra,Pune
B-25601,"Sunday, October 21, 2018",Bharat,Gujarat,Ahmedabad
B-25873,"Sunday, January 14, 2018",Divyeta,Madhya Pradesh,Indore
B-26028,"Thursday, June 21, 2018",Manju,Andhra Pradesh,Hyderabad
B-25964,"Thursday, April 26, 2018",Oshin,Maharashtra,Pune
B-25676,"Sunday, January 28, 2018",Chandni,Rajasthan,Jaipur
B-25839,"Tuesday, November 20, 2018",Pranjali,West Bengal,Kolkata
B-25894,"Monday, February 26, 2018",Monu,Punjab,Amritsar
B-25925,"Sunday, May 27, 2018",Shruti,Maharashtra,Mumbai
B-25953,"Saturday, March 31, 2018",Krutika,Andhra Pradesh,Hyderabad
B-25772,"Sunday, January 21, 2018",Sanjana,Bihar,Patna
B-25957,"Thursday, February 15, 2018",Mahima,Madhya Pradesh,Indore
B-25730,"Sunday, May 20, 2018",Rishabh,Rajasthan,Jaipur
B-25877,"Thursday, February 22, 2018",Dashyam,Gujarat,Surat
B-26067,"Friday, September 14, 2018",Tulika,Madhya Pradesh,Bhopal
B-25810,"Tuesday, August 28, 2018",Nripraj,Punjab,Chandigarh
B-25868,"Monday, March 26, 2018",Vikash,Goa,Goa
B-26023,"Saturday, October 13, 2018",Mukesh,Haryana,Chandigarh
B-25626,"Saturday, January 13, 2018",Bhishm,Maharashtra,Mumbai
B-25937,"Monday, January 22, 2018",Ankit,Haryana,Chandigarh
B-25610,"Saturday, November 24, 2018",Yogesh,Bihar,Patna
B-25777,"Wednesday, November 28, 2018",Aditi,Madhya Pradesh,Indore
B-25738,"Monday, August 20, 2018",Ayush,Punjab,Chandigarh
B-25978,"Wednesday, November 14, 2018",Parin,Maharashtra,Mumbai
B-25643,"Saturday, June 16, 2018",Kirti,Jammu and Kashmir,Kashmir
B-25728,"Thursday, April 26, 2018",Ameesha,Maharashtra,Pune
B-25749,"Saturday, October 27, 2018",Ayush,Maharashtra,Mumbai
B-25667,"Thursday, January 18, 2018",Anjali,Haryana,Chandigarh
B-25657,"Wednesday, March 28, 2018",Tulika,Madhya Pradesh,Bhopal
B-25753,"Thursday, January 25, 2018",Shivam,Uttar Pradesh,Lucknow
B-26061,"Friday, May 25, 2018",Anurag,Madhya Pradesh,Indore
B-25838,"Thursday, April 26, 2018",Sanjana,Madhya Pradesh,Indore
B-25702,"Monday, October 22, 2018",Shaily,Maharashtra,Mumbai
B-25952,"Thursday, March 22, 2018",Priyanka,Madhya Pradesh,Indore
B-25666,"Monday, April 23, 2018",Tanvi,Punjab,Chandigarh
B-25675,"Monday, June 18, 2018",Shreya,Madhya Pradesh,Bhopal
B-25650,"Monday, September 24, 2018",Chirag,Maharashtra,Mumbai
B-25986,"Friday, May 25, 2018",Shweta,Rajasthan,Udaipur
B-25850,"Saturday, September 15, 2018",Abhishek,Goa,Goa
B-25898,"Sunday, March 18, 2018",Abhishek,Rajasthan,Udaipur
B-25813,"Monday, September 24, 2018",Hrisheekesh,Maharashtra,Mumbai
B-25825,"Tuesday, January 30, 2018",Kartik,Madhya Pradesh,Indore
B-25954,"Saturday, January 27, 2018",Trupti,Gujarat,Ahmedabad
B-25696,"Thursday, March 22, 2018",Noopur,Karnataka,Bangalore
B-25638,"Thursday, September 20, 2018",Parth,Maharashtra,Pune
B-25747,"Friday, January 19, 2018",Harsh,Madhya Pradesh,Bhopal
B-25904,"Tuesday, August 14, 2018",Swapnil,Delhi,Delhi
B-25852,"Wednesday, October 24, 2018",Soumyabrata,Andhra Pradesh,Hyderabad
B-25981,"Sunday, April 22, 2018",Amruta,Delhi,Delhi
B-25899,"Tuesday, August 14, 2018",Aishwarya,Uttar Pradesh,Prayagraj
B-25870,"Friday, February 23, 2018",Pranav,Andhra Pradesh,Hyderabad
B-26040,"Saturday, June 23, 2018",Sahil,Punjab,Chandigarh
B-25671,"Sunday, January 21, 2018",Mitali,Nagaland,Kohima
B-26100,"Sunday, October 28, 2018",Hitika,Madhya Pradesh,Indore
B-25651,"Wednesday, November 28, 2018",Anurag,Madhya Pradesh,Indore
B-25968,"Thursday, January 25, 2018",Paromita,Punjab,Amritsar
B-26019,"Thursday, March 29, 2018",Jitesh,Uttar Pradesh,Lucknow
B-25664,"Friday, April 13, 2018",Pratyusmita,Bihar,Patna
B-26033,"Saturday, July 21, 2018",Atharv,West Bengal,Kolkata
B-26052,"Wednesday, January 17, 2018",Ajay,Karnataka,Bangalore
B-25999,"Thursday, June 14, 2018",Diwakar,Delhi,Delhi
B-25781,"Tuesday, December 18, 2018",Rutuja,Gujarat,Ahmedabad
B-25764,"Wednesday, March 28, 2018",Sanjova,Maharashtra,Pune
B-25803,"Wednesday, March 21, 2018",Shivanshu,Madhya Pradesh,Indore
B-25945,"Thursday, January 18, 2018",Mhatre,Madhya Pradesh,Indore
B-26086,"Saturday, April 28, 2018",Mukesh,Haryana,Chandigarh
B-25845,"Wednesday, February 14, 2018",Snel,Kerala ,Thiruvananthapuram
B-25817,"Friday, February 23, 2018",Praneet,Maharashtra,Mumbai
B-25951,"Monday, October 15, 2018",Jesal,West Bengal,Kolkata
B-25970,"Tuesday, February 13, 2018",Rhea,Maharashtra,Mumbai
B-25878,"Thursday, April 26, 2018",Mrinal,Maharashtra,Mumbai
B-26057,"Thursday, May 17, 2018",Sharda,Kerala ,Thiruvananthapuram
B-25885,"Thursday, April 26, 2018",Shatayu,Madhya Pradesh,Indore
B-25897,"Tuesday, March 13, 2018",Rohan,Madhya Pradesh,Indore
B-25756,"Wednesday, April 18, 2018",Mohan,Maharashtra,Mumbai
B-25859,"Thursday, January 18, 2018",Chikku,Madhya Pradesh,Indore
B-25691,"Wednesday, April 18, 2018",Akancha,Maharashtra,Mumbai
B-25633,"Thursday, October 25, 2018",Amit,Sikkim,Gangtok
B-25708,"Friday, February 23, 2018",Kishwar,Madhya Pradesh,Indore
B-25831,"Saturday, September 15, 2018",Mahima,Sikkim,Gangtok
B-25856,"Friday, April 20, 2018",Abhijeet,Maharashtra,Mumbai
B-25893,"Sunday, July 22, 2018",Vrinda,Uttar Pradesh,Mathura
B-25959,"Wednesday, February 14, 2018",Muskan,Madhya Pradesh,Indore
B-26000,"Friday, August 24, 2018",Shubham,Delhi,Delhi
B-26097,"Saturday, August 18, 2018",Vini,Karnataka,Bangalore
B-25745,"Friday, February 16, 2018",Kartik,Gujarat,Ahmedabad
B-25974,"Friday, April 27, 2018",Manisha,Rajasthan,Udaipur
B-25670,"Saturday, September 22, 2018",Charika,Goa,Goa
B-25848,"Tuesday, March 20, 2018",Rohan,Himachal Pradesh,Simla
B-25888,"Monday, March 26, 2018",Rohan,Punjab,Amritsar
B-25942,"Tuesday, April 17, 2018",Ankur,Andhra Pradesh,Hyderabad
B-25847,"Tuesday, January 30, 2018",Aniket,Haryana,Chandigarh
B-25636,"Friday, August 31, 2018",Nishi,Maharashtra,Mumbai
B-25826,"Wednesday, January 31, 2018",Tanushree,Maharashtra,Mumbai
B-26081,"Wednesday, October 31, 2018",Aarushi,Tamil Nadu,Chennai
B-25625,"Saturday, May 19, 2018",Pinky,Jammu and Kashmir,Kashmir
B-25802,"Wednesday, February 21, 2018",Yash,Maharashtra,Mumbai
B-25693,"Saturday, January 13, 2018",Parna,Madhya Pradesh,Bhopal
B-25796,"Saturday, November 24, 2018",Sukrith,Maharashtra,Mumbai
B-25806,"Wednesday, December 19, 2018",Dhanraj,Madhya Pradesh,Indore
B-25710,"Monday, September 24, 2018",Megha,Maharashtra,Pune
B-25669,"Monday, October 29, 2018",Piyali,Sikkim,Gangtok
B-25857,"Monday, February 19, 2018",Anand,Madhya Pradesh,Indore
B-25785,"Saturday, November 24, 2018",Ayush,West Bengal,Kolkata
B-25930,"Wednesday, May 16, 2018",Monica,Punjab,Chandigarh
B-26053,"Saturday, December 22, 2018",Kirti,Jammu and Kashmir,Kashmir
B-26070,"Monday, January 22, 2018",Shruti,Karnataka,Bangalore
B-25791,"Thursday, March 15, 2018",Avish,Kerala ,Thiruvananthapuram
B-25983,"Saturday, November 17, 2018",Atul,Delhi,Delhi
B-25979,"Thursday, June 28, 2018",Shivangi,Madhya Pradesh,Indore
B-26054,"Thursday, May 17, 2018",Mayank,Maharashtra,Mumbai
B-26078,"Thursday, August 30, 2018",Kasheen,West Bengal,Kolkata
B-25787,"Thursday, November 15, 2018",Asish,Jammu and Kashmir,Kashmir
B-25682,"Sunday, March 25, 2018",Krutika,Bihar,Patna
B-25962,"Monday, December 31, 2018",Tejeswini,Maharashtra,Pune
B-25750,"Wednesday, January 31, 2018",Priyanshu,Madhya Pradesh,Indore
B-25828,"Friday, April 20, 2018",Nikita,Punjab,Chandigarh
B-25622,"Thursday, January 25, 2018",Monisha,Rajasthan,Jaipur
B-25751,"Friday, March 16, 2018",Nishant,Maharashtra,Mumbai
B-25685,"Monday, July 16, 2018",Sheetal,Madhya Pradesh,Indore
B-26010,"Thursday, November 15, 2018",Kartikay,Bihar,Patna
B-26035,"Saturday, January 27, 2018",Pinky,Jammu and Kashmir,Kashmir
B-25698,"Monday, September 24, 2018",Amisha,Tamil Nadu,Chennai
B-25966,"Tuesday, February 27, 2018",Soumya,Rajasthan,Udaipur
B-25832,"Monday, June 18, 2018",Harshita,Maharashtra,Mumbai
B-25743,"Thursday, January 18, 2018",Aman,Nagaland,Kohima
B-25886,"Friday, February 23, 2018",Brijesh,Rajasthan,Udaipur
B-25975,"Tuesday, December 25, 2018",Priyanka,Uttar Pradesh,Prayagraj
B-26098,"Thursday, July 19, 2018",Pinky,Jammu and Kashmir,Kashmir
B-25614,"Monday, February 19, 2018",Vandana,Himachal Pradesh,Simla
B-25726,"Monday, June 18, 2018",Kiran,Maharashtra,Mumbai
B-26050,"Monday, May 21, 2018",Paridhi,Rajasthan,Jaipur
B-25609,"Sunday, April 22, 2018",Jitesh,Uttar Pradesh,Lucknow
B-25741,"Tuesday, March 27, 2018",Navdeep,Madhya Pradesh,Indore
B-25956,"Tuesday, October 23, 2018",Shreya,Maharashtra,Mumbai
B-25689,"Monday, October 29, 2018",Bhaggyasree,Maharashtra,Mumbai
B-25939,"Monday, February 19, 2018",Vineet,Sikkim,Gangtok
B-25890,"Saturday, January 13, 2018",Divyansha,Maharashtra,Mumbai
B-25814,"Tuesday, March 27, 2018",Swapnil,Madhya Pradesh,Indore
B-25718,"Saturday, January 13, 2018",Anjali,Maharashtra,Mumbai
B-25914,"Tuesday, May 15, 2018",Kajal,Delhi,Delhi
B-25903,"Friday, December 28, 2018",Amlan,Madhya Pradesh,Indore
B-26096,"Tuesday, November 27, 2018",Atharv,West Bengal,Kolkata
B-25654,"Friday, March 16, 2018",Sabah,Maharashtra,Mumbai
B-26076,"Saturday, March 24, 2018",Jahan,Madhya Pradesh,Bhopal
B-25961,"Friday, July 20, 2018",Surbhi,Gujarat,Ahmedabad
B-25854,"Tuesday, April 24, 2018",Shubham,Maharashtra,Pune
B-25642,"Monday, May 28, 2018",Ajay,Karnataka,Bangalore
B-25683,"Sunday, June 17, 2018",Shreya,Kerala ,Thiruvananthapuram
B-26016,"Wednesday, August 29, 2018",Hazel,Karnataka,Bangalore
B-26034,"Monday, March 26, 2018",Vini,Karnataka,Bangalore
B-26056,"Thursday, September 13, 2018",Sonal,Bihar,Patna
B-25819,"Thursday, July 26, 2018",Ankur,Madhya Pradesh,Bhopal
B-25715,"Saturday, February 24, 2018",Srishti,Jammu and Kashmir,Kashmir
B-25933,"Monday, June 25, 2018",Shikhar,Maharashtra,Mumbai
B-26014,"Wednesday, February 14, 2018",Divsha,Rajasthan,Jaipur
B-25655,"Friday, June 29, 2018",Nida,Madhya Pradesh,Indore
B-25816,"Tuesday, October 16, 2018",Mane,Andhra Pradesh,Hyderabad
B-25634,"Saturday, November 24, 2018",Sanjay,Goa,Goa
B-25895,"Thursday, May 24, 2018",Sathya,Gujarat,Surat
B-25687,"Saturday, February 17, 2018",Sanjna,Maharashtra,Mumbai
B-25662,"Friday, March 16, 2018",Sweta,Maharashtra,Mumbai
B-25635,"Monday, November 26, 2018",Nidhi,Nagaland,Kohima
B-26060,"Tuesday, October 16, 2018",Chirag,Maharashtra,Mumbai
B-26045,"Wednesday, November 21, 2018",Nidhi,Nagaland,Kohima
B-25770,"Thursday, April 26, 2018",Sakshi,Madhya Pradesh,Indore
B-25744,"Sunday, April 15, 2018",Devendra,Andhra Pradesh,Hyderabad
B-25618,"Tuesday, January 23, 2018",Manju,Andhra Pradesh,Hyderabad
B-25958,"Thursday, November 15, 2018",Aparajita,West Bengal,Kolkata
B-25769,"Thursday, March 22, 2018",Surbhi,Maharashtra,Mumbai
B-25619,"Sunday, July 29, 2018",Ramesh,Gujarat,Ahmedabad
B-25688,"Saturday, November 24, 2018",Swetha,Madhya Pradesh,Indore
B-25829,"Monday, December 17, 2018",Apoorva,Haryana,Chandigarh
B-26036,"Sunday, December 16, 2018",Bhishm,Maharashtra,Mumbai
B-25714,"Saturday, October 20, 2018",Stuti,Karnataka,Bangalore
B-25989,"Thursday, November 15, 2018",Anjali,Delhi,Delhi
B-25849,"Friday, December 21, 2018",K,Sikkim,Gangtok
B-25851,"Monday, December 24, 2018",Kushal,Nagaland,Kohima
B-25782,"Sunday, June 24, 2018",Aayushi,Maharashtra,Mumbai
B-25621,"Monday, July 30, 2018",Deepak,Madhya Pradesh,Bhopal
B-25996,"Tuesday, June 26, 2018",Prashant,Delhi,Delhi
B-25678,"Tuesday, March 27, 2018",Bathina,Karnataka,Bangalore
B-25727,"Friday, March 23, 2018",Turumella,Madhya Pradesh,Indore
B-26018,"Sunday, October 14, 2018",Aarushi,Tamil Nadu,Chennai
B-25760,"Tuesday, April 24, 2018",Pooja,Goa,Goa
B-25804,"Monday, November 19, 2018",Sudheer,Karnataka,Bangalore
B-25754,"Friday, March 16, 2018",Akshay,Bihar,Patna
B-26020,"Thursday, November 15, 2018",Yogesh,Bihar,Patna
B-25640,"Sunday, February 25, 2018",Paridhi,Rajasthan,Jaipur
B-25789,"Thursday, December 20, 2018",Akshay,Uttar Pradesh,Lucknow
B-26072,"Tuesday, March 27, 2018",Sweta,Maharashtra,Mumbai
B-26007,"Wednesday, January 31, 2018",Shubham,Jammu and Kashmir,Kashmir
B-26087,"Wednesday, February 14, 2018",Vandana,Himachal Pradesh,Simla
B-25617,"Monday, April 30, 2018",Sagar,Nagaland,Kohima
B-25984,"Wednesday, July 18, 2018",Kajal,Delhi,Delhi
B-25767,"Monday, September 24, 2018",Ashmeet,West Bengal,Kolkata
B-25987,"Sunday, April 15, 2018",Manjiri,Delhi,Delhi
B-25840,"Thursday, February 22, 2018",Sneha,Karnataka,Bangalore
B-25663,"Monday, October 29, 2018",Pournamasi,Madhya Pradesh,Indore
B-26030,"Thursday, March 22, 2018",Sarita,Maharashtra,Pune
B-25947,"Monday, August 27, 2018",Chetan,Gujarat,Ahmedabad
B-25896,"Thursday, November 22, 2018",Aman,Maharashtra,Mumbai
B-26009,"Saturday, November 24, 2018",Komal,Uttar Pradesh,Lucknow
B-25876,"Sunday, December 30, 2018",Bhosale,Punjab,Amritsar
B-25915,"Wednesday, March 21, 2018",Sukruta,Punjab,Amritsar
B-25795,"Monday, April 23, 2018",Sukant,Sikkim,Gangtok
B-26002,"Saturday, March 17, 2018",Harsh,Delhi,Delhi
B-25645,"Tuesday, February 20, 2018",Yaanvi,Madhya Pradesh,Indore
B-25837,"Friday, January 19, 2018",Palak,Maharashtra,Mumbai
B-25612,"Wednesday, December 26, 2018",Shrichand,Punjab,Chandigarh
B-25812,"Friday, November 16, 2018",Kshitij,Madhya Pradesh,Indore
B-25843,"Thursday, March 15, 2018",Mrunal,Maharashtra,Mumbai
B-26026,"Tuesday, July 17, 2018",Kanak,Goa,Goa
B-25773,"Thursday, February 22, 2018",Shreya,Kerala ,Thiruvananthapuram
B-25875,"Saturday, June 30, 2018",Divyeshkumar,Uttar Pradesh,Prayagraj
B-25660,"Tuesday, April 24, 2018",Shruti,Karnataka,Bangalore
B-25918,"Saturday, July 28, 2018",Karandeep,Madhya Pradesh,Indore
B-25971,"Sunday, September 23, 2018",Mitali,Madhya Pradesh,Indore
B-26063,"Saturday, December 15, 2018",Farah,Nagaland,Kohima
B-25867,"Wednesday, February 28, 2018",Ankit,Sikkim,Gangtok
B-25703,"Thursday, October 18, 2018",Ekta,Madhya Pradesh,Indore
B-25661,"Wednesday, March 21, 2018",Subhashree,Jammu and Kashmir,Kashmir
B-25748,"Saturday, September 15, 2018",Nitant,Rajasthan,Jaipur
B-25766,"Friday, June 15, 2018",Surabhi,Rajasthan,Jaipur
B-25861,"Tuesday, July 31, 2018",Aayush,Uttar Pradesh,Lucknow
B-26058,"Sunday, July 15, 2018",Aditya,Punjab,Chandigarh
B-25808,"Tuesday, February 13, 2018",Apsingekar,Bihar,Patna
B-25900,"Monday, May 14, 2018",Anand,Punjab,Amritsar
B-26084,"Monday, May 28, 2018",Anita,Kerala ,Thiruvananthapuram
B-25652,"Sunday, April 22, 2018",Tushina,Goa,Goa
B-26008,"Wednesday, November 28, 2018",Kalyani,Tamil Nadu,Chennai
B-25799,"Friday, April 27, 2018",Divyansh,Gujarat,Ahmedabad
B-25927,"Saturday, January 27, 2018",Shreya,Uttar Pradesh,Lucknow
B-25985,"Tuesday, February 13, 2018",Ginny,Madhya Pradesh,Indore
B-25994,"Tuesday, February 20, 2018",Omkar,Delhi,Delhi
B-25620,"Monday, March 19, 2018",Sarita,Maharashtra,Pune
B-25712,"Thursday, August 23, 2018",Adhvaita,Rajasthan,Jaipur
B-25976,"Wednesday, April 25, 2018",Piyam,Punjab,Amritsar
B-26068,"Thursday, March 22, 2018",Shefali,Rajasthan,Jaipur
B-25721,"Monday, May 28, 2018",Anchal,Haryana,Chandigarh
B-25863,"Sunday, January 21, 2018",Manibalan,Kerala ,Thiruvananthapuram
B-25991,"Friday, July 27, 2018",Mansi,Madhya Pradesh,Indore
B-25737,"Monday, October 29, 2018",Shubham,Madhya Pradesh,Indore
B-26043,"Saturday, September 15, 2018",Amit,Sikkim,Gangtok
B-25977,"Monday, January 29, 2018",Aayushi,Gujarat,Surat
B-25908,"Friday, September 21, 2018",Pradeep,Delhi,Delhi
B-25941,"Monday, March 26, 2018",Jaideep,Nagaland,Kohima
B-25794,"Wednesday, August 22, 2018",Aditya,Himachal Pradesh,Simla
B-26041,"Wednesday, March 28, 2018",Ritu,Haryana,Chandigarh
B-25695,"Monday, June 18, 2018",Suhani,West Bengal,Kolkata
B-25960,"Thursday, January 18, 2018",Shreya,Andhra Pradesh,Hyderabad
B-26037,"Friday, February 23, 2018",Hitika,Madhya Pradesh,Indore
B-25921,"Tuesday, December 25, 2018",Sandra,Punjab,Amritsar
B-25944,"Monday, October 1, 2018",Syed,Maharashtra,Pune
B-25724,"Thursday, July 19, 2018",Sheetal,Madhya Pradesh,Indore
B-26024,"Monday, February 19, 2018",Vandana,Himachal Pradesh,Simla
B-25694,"Monday, June 18, 2018",Subhasmita,Rajasthan,Jaipur
B-25665,"Monday, May 21, 2018",Chayanika,Kerala ,Thiruvananthapuram
B-26004,"Thursday, August 2, 2018",Nandita,Rajasthan,Jaipur
B-25611,"Sunday, November 4, 2018",Anita,Kerala ,Thiruvananthapuram
B-25901,"Friday, October 12, 2018",Suraj,Gujarat,Surat
B-25623,"Sunday, April 22, 2018",Atharv,West Bengal,Kolkata
B-25713,"Tuesday, August 7, 2018",Raksha,West Bengal,Kolkata
B-26091,"Tuesday, March 27, 2018",Manju,Andhra Pradesh,Hyderabad
B-25604,"Sunday, March 4, 2018",Divsha,Rajasthan,Jaipur
B-25827,"Tuesday, October 23, 2018",Sheetal,Madhya Pradesh,Indore
B-25835,"Monday, October 29, 2018",Moumita,Gujarat,Ahmedabad
B-26025,"Monday, February 19, 2018",Bhavna,Sikkim,Gangtok
B-25809,"Monday, September 10, 2018",Suman,Kerala ,Thiruvananthapuram
B-25905,"Monday, November 12, 2018",Bhargav,Delhi,Delhi
B-25948,"Saturday, January 13, 2018",Mukund,Maharashtra,Pune
B-26094,"Tuesday, March 27, 2018",Deepak,Madhya Pradesh,Bhopal
B-25949,"Saturday, January 13, 2018",Shantanu,Maharashtra,Mumbai
B-26001,"Monday, July 2, 2018",Patil,Delhi,Delhi
B-25771,"Friday, February 9, 2018",Vaibhavi,Uttar Pradesh,Lucknow
B-25659,"Tuesday, May 15, 2018",Sanskriti,West Bengal,Kolkata
B-25924,"Friday, December 28, 2018",Prajakta,Karnataka,Bangalore
B-25883,"Tuesday, November 27, 2018",Saptadeep,Gujarat,Surat
B-25946,"Saturday, December 1, 2018",Saurabh,Andhra Pradesh,Hyderabad
B-26065,"Friday, March 16, 2018",Nida,Madhya Pradesh,Indore
B-26083,"Saturday, March 24, 2018",Yogesh,Bihar,Patna
B-25725,"Friday, July 20, 2018",Anisha,Nagaland,Kohima
B-25630,"Tuesday, April 24, 2018",Sahil,Punjab,Chandigarh
B-25673,"Monday, May 28, 2018",Arsheen,Gujarat,Ahmedabad
B-25692,"Sunday, June 17, 2018",Rashmi,Madhya Pradesh,Indore
B-25992,"Friday, March 2, 2018",Gaurav,Rajasthan,Udaipur
B-25765,"Wednesday, August 29, 2018",Meghana,Madhya Pradesh,Bhopal
B-25892,"Thursday, April 12, 2018",Aditi,Rajasthan,Udaipur
B-26089,"Monday, March 26, 2018",Kanak,Goa,Goa
B-25780,"Thursday, September 13, 2018",Teena,Andhra Pradesh,Hyderabad
B-25684,"Thursday, September 6, 2018",Samiksha,Maharashtra,Mumbai
B-25739,"Thursday, March 8, 2018",Daksh,Haryana,Chandigarh
B-25731,"Thursday, July 26, 2018",Akash,West Bengal,Kolkata
B-25648,"Thursday, April 5, 2018",Aditya,Punjab,Chandigarh
B-26038,"Saturday, February 24, 2018",Pooja,Bihar,Patna
B-25700,"Monday, June 25, 2018",Shubhi,Maharashtra,Mumbai
B-26015,"Wednesday, February 14, 2018",Kasheen,West Bengal,Kolkata
B-25704,"Friday, June 29, 2018",Riya,Maharashtra,Mumbai
B-25811,"Wednesday, October 10, 2018",Utsav,Maharashtra,Mumbai
B-25821,"Tuesday, October 16, 2018",Ajay,West Bengal,Kolkata
B-25874,"Saturday, November 24, 2018",Megha,Rajasthan,Udaipur
B-25668,"Thursday, May 24, 2018",Rhea,Himachal Pradesh,Simla
B-25800,"Wednesday, January 10, 2018",Ishit,Maharashtra,Pune
B-25928,"Monday, January 1, 2018",Smriti,Bihar,Patna
B-26021,"Saturday, February 17, 2018",Anita,Kerala ,Thiruvananthapuram
B-26064,"Friday, March 16, 2018",Ankita,Maharashtra,Mumbai
B-25882,"Monday, November 26, 2018",Masurkar,Punjab,Amritsar
B-25891,"Thursday, April 12, 2018",Shivani,Madhya Pradesh,Indore
B-25820,"Tuesday, October 16, 2018",Dheeraj,Rajasthan,Jaipur
B-25889,"Monday, March 12, 2018",Abhishek,Gujarat,Surat
B-25871,"Wednesday, November 21, 2018",Gunjal,Gujarat,Surat
B-25637,"Thursday, April 26, 2018",Ashmi,Madhya Pradesh,Indore
B-25616,"Sunday, April 15, 2018",Kanak,Goa,Goa
B-25972,"Tuesday, January 23, 2018",Jesslyn,Rajasthan,Udaipur
B-25805,"Thursday, May 10, 2018",Ankit,Maharashtra,Mumbai
B-25860,"Thursday, November 15, 2018",Akshay,Tamil Nadu,Chennai
B-26080,"Thursday, March 22, 2018",Sonakshi,Jammu and Kashmir,Kashmir
B-25807,"Tuesday, July 10, 2018",Vipul,Uttar Pradesh,Lucknow
B-25734,"Sunday, July 29, 2018",Pranav,Madhya Pradesh,Indore
B-25880,"Saturday, November 24, 2018",Apoorv,Rajasthan,Udaipur
B-25934,"Sunday, April 1, 2018",Rahul,Madhya Pradesh,Indore
B-25913,"Monday, December 17, 2018",Geetanjali,Delhi,Delhi
B-25912,"Sunday, December 16, 2018",Preksha,Delhi,Delhi
B-25824,"Saturday, October 20, 2018",Shyam,Madhya Pradesh,Indore
B-25711,"Thursday, June 7, 2018",Sakshi,Madhya Pradesh,Bhopal
B-25864,"Thursday, November 15, 2018",Aromal,Maharashtra,Mumbai
B-25917,"Friday, December 21, 2018",Sanjay,Maharashtra,Mumbai
B-26049,"Thursday, May 3, 2018",Lisha,Madhya Pradesh,Bhopal
B-25920,"Monday, December 24, 2018",Jayanti,Uttar Pradesh,Prayagraj
B-25699,"Sunday, June 24, 2018",Kritika,Uttar Pradesh,Lucknow
B-25735,"Monday, July 30, 2018",Arindam,Uttar Pradesh,Lucknow
B-25701,"Tuesday, June 26, 2018",Maithilee,Madhya Pradesh,Indore
B-26092,"Tuesday, March 27, 2018",Ramesh,Gujarat,Ahmedabad
B-26082,"Friday, March 23, 2018",Jitesh,Uttar Pradesh,Lucknow
B-25818,"Sunday, October 14, 2018",Sandeep,Madhya Pradesh,Indore
B-25846,"Sunday, March 11, 2018",Soodesh,Punjab,Chandigarh
B-26011,"Sunday, December 2, 2018",Bharat,Gujarat,Ahmedabad
B-25631,"Tuesday, April 24, 2018",Ritu,Haryana,Chandigarh
B-25606,"Monday, June 4, 2018",Hazel,Karnataka,Bangalore
B-25746,"Monday, October 8, 2018",Shivam,Maharashtra,Pune
B-26005,"Thursday, August 2, 2018",Parnavi,West Bengal,Kolkata
B-25844,"Sunday, March 11, 2018",Swati,Madhya Pradesh,Indore
B-25869,"Monday, November 19, 2018",Parakh,Nagaland,Kohima
B-26066,"Friday, March 16, 2018",Priyanka,Maharashtra,Pune
B-25865,"Thursday, November 15, 2018",Arun,Madhya Pradesh,Indore
B-26039,"Sunday, February 25, 2018",Hemant,Kerala ,Thiruvananthapuram
B-25916,"Thursday, December 20, 2018",Utkarsh,Gujarat,Surat
B-26090,"Tuesday, March 27, 2018",Sagar,Nagaland,Kohima
B-25988,"Wednesday, January 31, 2018",Nirja,Delhi,Delhi
B-25906,"Monday, November 12, 2018",Abhijit,Delhi,Delhi
B-26017,"Wednesday, February 14, 2018",Sonakshi,Jammu and Kashmir,Kashmir
B-25644,"Monday, April 30, 2018",Mayank,Maharashtra,Mumbai
B-25679,"Friday, April 6, 2018",Avni,Maharashtra,Mumbai
B-25723,"Wednesday, July 18, 2018",Wale,Maharashtra,Mumbai
B-25605,"Friday, May 4, 2018",Kasheen,West Bengal,Kolkata
B-25792,"Monday, September 24, 2018",Abhishek,Maharashtra,Mumbai
B-25680,"Friday, April 6, 2018",Aayushi,Madhya Pradesh,Indore
B-25931,"Sunday, April 1, 2018",Sidharth,Maharashtra,Mumbai
B-25932,"Sunday, April 1, 2018",Bhutekar,Madhya Pradesh,Indore
B-25990,"Friday, February 2, 2018",Mugdha,Delhi,Delhi
B-25615,"Sunday, April 15, 2018",Bhavna,Sikkim,Gangtok
B-26031,"Thursday, February 22, 2018",Deepak,Madhya Pradesh,Bhopal
B-25801,"Wednesday, January 10, 2018",Aryan,Madhya Pradesh,Bhopal
B-25833,"Monday, October 29, 2018",Krishna,Madhya Pradesh,Indore
B-26077,"Thursday, March 22, 2018",Divsha,Rajasthan,Jaipur
B-25936,"Tuesday, May 1, 2018",Nikhil,Punjab,Chandigarh
B-25938,"Tuesday, May 1, 2018",Shikhar,Himachal Pradesh,Simla
B-25716,"Wednesday, November 7, 2018",Surabhi,Tamil Nadu,Chennai
B-25740,"Thursday, March 8, 2018",Rane,Maharashtra,Mumbai
B-25763,"Monday, August 27, 2018",Noshiba,Gujarat,Ahmedabad
B-25872,"Thursday, November 22, 2018",Saurabh,Maharashtra,Mumbai
B-25879,"Saturday, November 24, 2018",Siddharth,Madhya Pradesh,Indore
B-25926,"Sunday, December 30, 2018",Dipali,Madhya Pradesh,Indore
B-26074,"Wednesday, March 21, 2018",Bharat,Gujarat,Ahmedabad
B-25627,"Monday, April 23, 2018",Hitika,Madhya Pradesh,Indore
B-25940,"Friday, June 1, 2018",Vivek,Goa,Goa
B-26047,"Tuesday, April 3, 2018",Ashmi,Madhya Pradesh,Indore
B-26069,"Saturday, March 17, 2018",Sanskriti,West Bengal,Kolkata
B-26027,"Tuesday, February 20, 2018",Sagar,Nagaland,Kohima
B-25963,"Friday, January 19, 2018",Pratiksha,Maharashtra,Mumbai
B-25922,"Wednesday, December 26, 2018",Akshata,Gujarat,Surat
B-25866,"Friday, November 16, 2018",Komal,Himachal Pradesh,Simla
B-25607,"Monday, June 4, 2018",Sonakshi,Jammu and Kashmir,Kashmir
B-25775,"Thursday, August 9, 2018",Duhita,Haryana,Chandigarh
B-25998,"Monday, April 2, 2018",Anmol,Rajasthan,Udaipur
B-26062,"Thursday, March 15, 2018",Tushina,Goa,Goa
B-25722,"Tuesday, July 17, 2018",Inderpreet,Himachal Pradesh,Simla
B-25776,"Sunday, September 9, 2018",Mousam,Maharashtra,Mumbai
B-26032,"Thursday, February 22, 2018",Monisha,Rajasthan,Jaipur
B-25705,"Saturday, June 30, 2018",Shweta,Madhya Pradesh,Indore
B-25628,"Tuesday, April 24, 2018",Pooja,Bihar,Patna
B-25733,"Saturday, July 28, 2018",Dhirajendu,Maharashtra,Mumbai
B-25647,"Monday, March 5, 2018",Sharda,Kerala ,Thiruvananthapuram
B-25790,"Sunday, September 23, 2018",Sajal,Bihar,Patna
B-25709,"Sunday, January 7, 2018",Aakanksha,Madhya Pradesh,Indore
B-25911,"Saturday, December 15, 2018",Phalguni,Madhya Pradesh,Bhopal
B-25774,"Monday, July 9, 2018",Snehal,Punjab,Chandigarh
B-26042,"Wednesday, February 28, 2018",Manish,Himachal Pradesh,Simla
B-25815,"Wednesday, October 10, 2018",Harsh,Nagaland,Kohima
B-25822,"Thursday, October 18, 2018",Tejas,Karnataka,Bangalore
B-26075,"Wednesday, March 21, 2018",Pearl,Maharashtra,Pune
B-25783,"Saturday, September 15, 2018",Shivangi,Madhya Pradesh,Indore
B-26046,"Tuesday, April 3, 2018",Nishi,Maharashtra,Mumbai
B-25690,"Friday, June 15, 2018",Gunjan,Madhya Pradesh,Indore
B-25706,"Sunday, January 7, 2018",Swetlana,Goa,Goa
B-25736,"Tuesday, July 31, 2018",Akshat,Maharashtra,Mumbai
B-25720,"Sunday, July 15, 2018",Namrata,Punjab,Chandigarh
B-25907,"Monday, November 12, 2018",Jaydeep,Madhya Pradesh,Bhopal
B-25719,"Friday, December 7, 2018",Rashmi,Madhya Pradesh,Indore
B-26013,"Tuesday, February 13, 2018",Jahan,Madhya Pradesh,Bhopal
B-26044,"Saturday, February 3, 2018",Sanjay,Goa,Goa
B-25649,"Saturday, May 5, 2018",Rachna,Haryana,Chandigarh
B-25658,"Monday, May 14, 2018",Shefali,Rajasthan,Jaipur
B-25672,"Monday, May 28, 2018",Akanksha,Andhra Pradesh,Hyderabad
B-25624,"Sunday, April 22, 2018",Vini,Karnataka,Bangalore
B-25884,"Wednesday, November 28, 2018",Sumeet,Maharashtra,Mumbai
B-25641,"Friday, April 27, 2018",Parishi,West Bengal,Kolkata
B-25841,"Thursday, January 11, 2018",Ashvini,Maharashtra,Mumbai
B-25980,"Saturday, January 27, 2018",Shweta,Rajasthan,Udaipur
B-26012,"Tuesday, February 13, 2018",Pearl,Maharashtra,Pune
B-26029,"Tuesday, February 20, 2018",Ramesh,Gujarat,Ahmedabad
B-26071,"Monday, March 19, 2018",Subhashree,Jammu and Kashmir,Kashmir
B-25646,"Friday, January 5, 2018",Sonal,Bihar,Patna
B-25677,"Tuesday, February 6, 2018",Ekta,West Bengal,Kolkata
B-25759,"Thursday, August 23, 2018",Soumya,Sikkim,Gangtok
B-26059,"Monday, December 3, 2018",Rachna,Haryana,Chandigarh
B-25632,"Wednesday, April 25, 2018",Manish,Himachal Pradesh,Simla
B-26079,"Thursday, March 22, 2018",Hazel,Karnataka,Bangalore
B-25674,"Monday, May 28, 2018",Mahima,Maharashtra,Pune
B-25965,"Sunday, January 21, 2018",Saloni,West Bengal,Kolkata
B-25732,"Friday, July 27, 2018",Anubhaw,Karnataka,Bangalore
B-25834,"Monday, October 29, 2018",Ananya,Andhra Pradesh,Hyderabad
B-25784,"Saturday, September 15, 2018",Rohit,Rajasthan,Jaipur
B-25982,"Monday, January 29, 2018",Hemangi,Delhi,Delhi
B-25788,"Friday, September 21, 2018",Dinesh,Tamil Nadu,Chennai
B-25742,"Thursday, March 8, 2018",Ashwin,Goa,Goa
B-26088,"Monday, March 26, 2018",Bhavna,Sikkim,Gangtok
B-25707,"Sunday, January 7, 2018",Shivani,Maharashtra,Mumbai
B-25758,"Wednesday, August 22, 2018",Shubham,Himachal Pradesh,Simla
B-26095,"Wednesday, March 28, 2018",Monisha,Rajasthan,Jaipur
